{
    "ALIAS_LEN": 10,
    "SIG_LEN": 128,
    "CHAIN_COMMIT_LEN": 64,
    "INDICATOR_LEN": 3,
    "HEADER_LENGTH": 10,
    "TIME_BASE_OFFSET": 0,
    "CLOCK_INTERVAL": 0.5,
    "EPOCH_TIME": 1,
    "TIME_SAMPLE_NUM": 2,
    "TIME_INERTIA": 0.9,
    "TIME_PROCESS_DURATION": 0,
    "LOCAL_WEIGHT": 0.1,
    "TIME_ERROR_THRESHOLD": 30,
    "REPORT_ERROR_THRESHOLD": 30,
    "EXTRA_CORRECTION_DRIFT": 0.1,
    "SAFETY_FACTOR": 0.5,
    "VOTE_INIT_CONF": 5,
    "VOTE_INIT_CONF_NEG": -1,
    "VOTE_SAMPLE_NUM": 5,
    "VOTE_CONSENSUS_LEVEL": 3,
    "VOTE_CERTAINTY_LEVEL": 12,
    "VOTE_ROUND_TIME": 0.1,
    "SLACK_EPOCHS": 1,
    "FORWARD_SLACK_EPOCHS": 1,
    "VOTE_MAX_EPOCHS": 1,
    "SYNC_EPOCHS": 1,
    "MINIMUM_REORG_DEPTH": 14
}